"chrom"	"chrom.code"	"endbreak"	"min"	"max"	"skip"	"nlines"	"orig_order"	"contig"
"1"	1	906665	4188796	742429	4185896	23665	584	33	1
"2"	1	906665	4444389	4199587	4441304	4308	225	10	2
"3"	1	906665	12597297	4444653	12593911	21908	719	30	3
"4"	1	906665	13505040	12606008	13361078	11366	116	19	4
"5"	1	906665	17955720	13647613	17946929	1634	714	5	5
"6"	1	906665	21371669	17956877	21356997	388	1218	3	6
"7"	1	906665	24182120	21388493	24021575	25190	381	36	7
"8"	1	906665	24962072	24254821	24948388	19342	384	26	8
"9"	1	906665	30927534	24963033	30922236	1606	28	4	9
"10"	1	906665	33046461	30928177	33029232	27081	130	40	10
"11"	1	906665	38145096	33049667	38044082	3445	130	8	11
"12"	1	906665	42072142	38168534	42070191	26753	328	39	12
"13"	1	906665	42169994	42072227	42151371	21420	302	28	13
"14"	1	906665	43176448	42178338	43172273	24249	25	34	14
"15"	1	906665	59476119	43178741	59453124	18740	340	24	15
"16"	1	906665	61272798	59480913	61258156	36230	413	50	16
"17"	1	906665	69170162	61327515	69121133	35569	325	48	17
"18"	1	906665	74259052	69181166	74215111	24274	916	35	18
"19"	1	906665	75128153	74295062	75122077	19726	1694	27	19
"20"	1	906665	107661511	75131260	107660193	27211	130	41	20
"21"	1	906665	112176599	107663576	112176578	288	100	2	21
"22"	1	906665	114210170	112180549	114199322	16774	850	21	22
"23"	1	906665	118230016	114214190	118225792	3073	372	7	23
"24"	1	906665	128366125	118234461	120992603	0	288	1	24
"25"	1	906665	147566587	141510591	147521567	8737	308	16	25
"26"	1	906665	151179540	147927564	151168101	27341	2641	42	26
"27"	1	906665	161353219	151179980	161352134	11482	5292	20	27
"28"	1	906665	162807959	161353709	162798949	31205	1563	45	28
"29"	1	906665	163553583	162821910	163553149	6031	2706	15	29
"30"	1	906665	166861483	163559223	166859490	23006	659	32	30
"31"	1	906665	168169858	166862467	168169701	35472	97	47	31
"32"	1	906665	172020991	168170084	172020658	22627	379	31	32
"33"	1	906665	175615242	172021128	175613182	25571	557	37	33
"34"	1	906665	175739167	175622043	175729961	2348	725	6	34
"35"	1	906665	181131380	175748715	181122321	26128	625	38	35
"36"	1	906665	183493713	181132340	183486303	3575	733	9	36
"37"	1	906665	186938039	183530831	186937678	32768	2704	46	37
"38"	1	906665	191319584	186938729	191294744	9045	1589	17	38
"39"	1	906665	193697313	191321108	193661136	17624	312	22	39
"40"	1	906665	194510478	193704659	194506255	19080	262	25	40
"41"	1	906665	195883418	194521593	195879382	29982	803	43	41
"42"	1	906665	210486774	195897387	210475631	21722	186	29	42
"43"	1	906665	214630799	210492394	214618990	17936	804	23	43
"44"	1	906665	216552293	214668162	216543592	5890	24	13	44
"45"	1	906665	226239287	216555832	226210025	5914	117	14	45
"46"	1	906665	239263836	226240604	239262629	30785	420	44	46
"47"	1	906665	239640958	239266618	239640279	10634	732	18	47
"48"	1	906665	241466343	239643549	241457448	35894	336	49	48
"49"	1	906665	243886379	241477127	243883422	4533	759	11	49
"50"	1	906665	256200853	243887183	247135059	5292	598	12	50
"51"	2	163958	538470	2994	538121	4140	1795	5	1
"52"	2	163958	4937584	539873	4936863	30391	2500	29	2
"53"	2	163958	17117118	4940239	17116235	34487	2737	32	3
"54"	2	163958	19853664	17122361	19850921	33135	1352	31	4
"55"	2	163958	31949216	19855190	31938215	19277	2436	20	5
"56"	2	163958	38558928	31987454	38558405	21713	35	21	6
"57"	2	163958	41422100	38589034	41418233	87	882	2	7
"58"	2	163958	45105219	41422995	45103341	14203	3385	16	8
"59"	2	163958	46734066	45107652	46733103	8987	452	10	9
"60"	2	163958	49393470	46735242	49391299	29854	537	28	10
"61"	2	163958	54216094	49410800	54208781	22229	1084	23	11
"62"	2	163958	55127213	54216479	55125469	17736	814	18	12
"63"	2	163958	58282287	55132136	58276816	0	87	1	13
"64"	2	163958	64126540	58283374	64124659	23313	2504	24	14
"65"	2	163958	78785291	64127527	78780836	7271	561	7	15
"66"	2	163958	108917326	78789008	108908450	969	2527	3	16
"67"	2	163958	110720724	108933877	110337635	32891	244	30	17
"68"	2	163958	116854295	111142809	116841133	17588	148	17	18
"69"	2	163958	120939532	116863649	120934866	5935	1336	6	19
"70"	2	163958	136291006	120939744	136288452	28155	1305	26	20
"71"	2	163958	136534145	136292357	136534128	11816	2387	15	21
"72"	2	163958	139285908	136571975	139285272	3496	644	4	22
"73"	2	163958	146453004	139291814	146406649	25817	2338	25	23
"74"	2	163958	165138909	146460086	165127255	10539	538	13	24
"75"	2	163958	179444539	165145790	179419621	37224	556	33	25
"76"	2	163958	189074504	179445389	189069647	18550	727	19	26
"77"	2	163958	191952556	189096575	191952344	7832	767	8	27
"78"	2	163958	196445635	191952638	196433512	11077	739	14	28
"79"	2	163958	213459628	196447175	213455606	9439	887	11	29
"80"	2	163958	215095087	213471111	215092233	21748	481	22	30
"81"	2	163958	222547699	215099715	222543301	10326	213	12	31
"82"	2	163958	238345260	222550373	238345181	8599	388	9	32
"83"	2	163958	245919369	238349772	242663303	29460	394	27	33
"84"	3	93434	4266053	48603	4248489	0	1131	1	1
"85"	3	93434	9748698	4268384	9724590	25708	1040	39	2
"86"	3	93434	9898279	9752069	9885334	1131	1458	2	3
"87"	3	93434	19303583	9914361	19288876	11239	2021	19	4
"88"	3	93434	19630284	19309699	19614854	6318	171	10	5
"89"	3	93434	21239492	19647868	21237353	11029	210	18	6
"90"	3	93434	26329784	21239774	26322367	9290	770	15	7
"91"	3	93434	27811645	26361769	27804165	10060	112	16	8
"92"	3	93434	30951754	27820472	30949378	26748	514	40	9
"93"	3	93434	31763085	30956990	31762453	8057	855	13	10
"94"	3	93434	37609235	31764728	37603958	28832	432	45	11
"95"	3	93434	41891216	37620020	41882783	20940	184	32	12
"96"	3	93434	47382146	41895339	47380309	16221	1206	24	13
"97"	3	93434	52911012	47391765	52901727	2605	1587	4	14
"98"	3	93434	56833822	52926195	56819731	13260	722	20	15
"99"	3	93434	57524552	56840816	57520896	5715	603	9	16
"100"	3	93434	61241843	57536638	61241447	19727	169	29	17
"101"	3	93434	62136409	61243200	62133635	27262	221	41	18
"102"	3	93434	71795768	62142228	71794669	22054	163	36	19
"103"	3	93434	75834503	71814038	75817831	19158	569	28	20
"104"	3	93434	89117262	75837394	89113012	15577	99	22	21
"105"	3	93434	92759268	89122747	90346746	28044	788	44	22
"106"	3	93434	99989064	95031169	99987555	7382	675	12	23
"107"	3	93434	108925587	99989388	108909793	6489	893	11	24
"108"	3	93434	110595367	108929309	110583609	10172	857	17	25
"109"	3	93434	115545410	110611243	115543651	21124	462	33	26
"110"	3	93434	119402880	115565335	119392442	4228	232	6	27
"111"	3	93434	123400256	119409587	123390184	27652	392	43	28
"112"	3	93434	124276933	123402430	124275376	2589	16	3	29
"113"	3	93434	127312033	124292090	127304693	23684	2024	38	30
"114"	3	93434	130991856	127325501	130946195	18504	654	27	31
"115"	3	93434	132400243	131004497	132390191	27483	169	42	32
"116"	3	93434	134691478	132406524	134677146	19896	538	30	33
"117"	3	93434	135000650	134705306	134991154	21586	55	34	34
"118"	3	93434	137812249	135000689	137788166	8912	378	14	35
"119"	3	93434	139262354	137823029	139261264	13982	1595	21	36
"120"	3	93434	148107082	139265179	148103208	15676	545	23	37
"121"	3	93434	162418377	148116270	162377768	21641	413	35	38
"122"	3	93434	170572868	162424121	170567521	22217	1467	37	39
"123"	3	93434	173850941	170581485	173850567	4460	998	7	40
"124"	3	93434	175300573	173851395	175300341	5458	257	8	41
"125"	3	93434	176361098	175300629	176354379	17728	776	26	42
"126"	3	93434	179029023	176370517	179006877	29264	1654	46	43
"127"	3	93434	185840855	179034473	185839049	20434	506	31	44
"128"	3	93434	188666748	185841870	188663776	17427	301	25	45
"129"	3	93434	203685664	188679222	199318155	4192	36	5	46
"130"	4	723814	12954548	26568	12950360	10530	57	11	1
"131"	4	723814	18606293	12955700	18595704	11639	234	14	2
"132"	4	723814	19002587	18608019	18991544	5480	21	6	3
"133"	4	723814	25388110	19004235	25382608	19793	558	29	4
"134"	4	723814	28657831	25389989	28656683	23849	642	35	5
"135"	4	723814	28807518	28667468	28800952	3704	68	3	6
"136"	4	723814	37670789	28822295	37644620	16086	406	20	7
"137"	4	723814	43396809	37672776	43394499	28092	679	39	8
"138"	4	723814	46318707	43400642	46301350	22665	1184	34	9
"139"	4	723814	65422850	46348988	65419338	20694	16	31	10
"140"	4	723814	65587716	65422982	65584952	18817	293	27	11
"141"	4	723814	66398275	65587883	66392831	8149	2381	10	12
"142"	4	723814	73375077	66399028	73347736	3772	1171	4	13
"143"	4	723814	74947588	73384138	74942236	20774	1891	33	14
"144"	4	723814	86027047	74947877	85989818	24835	1791	37	15
"145"	4	723814	88448184	86030645	88438954	17684	803	25	16
"146"	4	723814	94505257	88509289	94482434	16873	797	23	17
"147"	4	723814	98437385	94517994	98417126	19110	683	28	18
"148"	4	723814	102270588	98438160	102262633	7798	351	9	19
"149"	4	723814	105241334	102275686	105230618	20710	64	32	20
"150"	4	723814	106045446	105248940	106036757	20351	343	30	21
"151"	4	723814	108298494	106050599	108297821	14963	612	18	22
"152"	4	723814	113611034	108316567	113604871	28771	578	40	23
"153"	4	723814	113919666	113626120	113893894	13864	352	16	24
"154"	4	723814	119260905	113933765	119259380	2422	1282	2	25
"155"	4	723814	121593861	119263536	121591244	5501	1340	7	26
"156"	4	723814	123427825	121613271	123308340	16492	80	21	27
"157"	4	723814	128606534	123458414	128594203	6841	957	8	28
"158"	4	723814	133441431	128630366	133438786	14216	747	17	29
"159"	4	723814	136113883	133443640	136105223	17670	14	24	30
"160"	4	723814	136265638	136118878	136243971	0	2422	1	31
"161"	4	723814	136861112	136281419	136853345	26626	1466	38	32
"162"	4	723814	149414266	136867953	149409707	15575	511	19	33
"163"	4	723814	157287598	149420864	157282765	24491	344	36	34
"164"	4	723814	161629721	157309155	161627027	4943	537	5	35
"165"	4	723814	163625858	161636582	163611500	11873	1991	15	36
"166"	4	723814	175557615	163664134	175539905	18487	330	26	37
"167"	4	723814	183455523	175578234	183451578	10711	928	13	38
"168"	4	723814	187283969	183455834	187283463	16572	301	22	39
"169"	4	723814	191846319	187291130	191167888	10587	124	12	40
"170"	5	123671	768051	81949	752190	7922	37	14	1
"171"	5	123671	2939579	796547	2931144	24589	1330	35	2
"172"	5	123671	3016099	2954360	3013058	508	998	4	3
"173"	5	123671	6430990	3018167	6421521	17229	735	26	4
"174"	5	123671	7524247	6443651	7517075	15831	175	24	5
"175"	5	123671	15926332	7531366	15919373	27943	1272	42	6
"176"	5	123671	21065260	15929687	21052959	7533	54	12	7
"177"	5	123671	23376294	21083744	23367203	15780	51	23	8
"178"	5	123671	27617543	23379949	27593876	21065	14	28	9
"179"	5	123671	40152037	27619491	40142931	17964	3101	27	10
"180"	5	123671	41462735	40156127	41458069	67	417	2	11
"181"	5	123671	41702527	41472072	41689086	26779	215	38	12
"182"	5	123671	45555042	41706127	45542575	22671	1558	32	13
"183"	5	123671	49650048	45556242	49649418	10747	442	18	14
"184"	5	123671	61308296	49659355	61302480	15750	30	22	15
"185"	5	123671	63490180	61314757	63477556	0	67	1	16
"186"	5	123671	66179370	63532300	66172378	21683	811	30	17
"187"	5	123671	69344054	66183472	68769454	1506	286	5	18
"188"	5	123671	76684258	70739833	76684107	14131	1619	21	19
"189"	5	123671	90599266	76687399	90592974	27600	343	41	20
"190"	5	123671	103546086	90619509	103533627	10298	449	17	21
"191"	5	123671	103776582	103547026	103771943	16006	1223	25	22
"192"	5	123671	104126759	103785495	104123434	27540	60	40	23
"193"	5	123671	106000145	104137485	105996082	22494	177	31	24
"194"	5	123671	112994057	106008730	112993044	26412	367	37	25
"195"	5	123671	116188693	112997674	116181118	7587	335	13	26
"196"	5	123671	135451531	116188761	135446616	25919	493	36	27
"197"	5	123671	135543376	135476728	135533740	24542	47	34	28
"198"	5	123671	139937621	135547747	139928986	5133	2170	10	29
"199"	5	123671	144730732	139957535	144728025	1792	1820	6	30
"200"	5	123671	145808428	144734634	145785731	9973	325	16	31
"201"	5	123671	153248055	145811064	153247946	4598	535	9	32
"202"	5	123671	154893110	153249484	154875106	3612	725	7	33
"203"	5	123671	155072358	154909299	155068532	484	24	3	34
"204"	5	123671	162317127	155086582	162292579	21079	604	29	35
"205"	5	123671	165188630	162327651	165188563	12282	1849	20	36
"206"	5	123671	167301042	165198728	167298017	7959	2014	15	37
"207"	5	123671	168265639	167303508	168263029	29215	11	43	38
"208"	5	123671	170136898	168272253	170134981	7303	230	11	39
"209"	5	123671	170705464	170142561	170705250	4337	261	8	40
"210"	5	123671	172534412	170713175	172522631	24229	313	33	41
"211"	5	123671	180574188	172538555	180571501	11189	1093	19	42
"212"	5	123671	190521507	180577970	180625439	26994	546	39	43
"213"	6	609315	9917894	110391	9914862	22453	548	35	1
"214"	6	609315	14085796	9930143	14083649	3187	644	3	2
"215"	6	609315	17168904	14092452	17162219	5145	515	9	3
"216"	6	609315	19088154	17170882	19084424	24355	2425	39	4
"217"	6	609315	20986571	19094381	20985482	26780	933	40	5
"218"	6	609315	22953650	20990154	22937411	7965	694	11	6
"219"	6	609315	23979027	22967414	23976573	18613	1436	28	7
"220"	6	609315	24219347	23981506	24202874	16980	439	26	8
"221"	6	609315	27229119	24219596	27222001	11092	813	17	9
"222"	6	609315	39362926	27285340	39361539	4183	348	5	10
"223"	6	609315	43194695	39367371	43186044	22354	37	33	11
"224"	6	609315	46720226	43240770	46703076	12288	260	19	12
"225"	6	609315	48416745	46728211	48394735	8659	577	12	13
"226"	6	609315	50467068	48420211	50457843	28579	134	42	14
"227"	6	609315	58441838	50482070	58425943	15122	645	24	15
"228"	6	609315	59070898	58477173	58882675	9561	292	14	16
"229"	6	609315	67768261	62030184	67763231	15767	1213	25	17
"230"	6	609315	70363533	67770561	70349922	5093	52	8	18
"231"	6	609315	71996203	70380774	71989993	3831	352	4	19
"232"	6	609315	77594858	71997931	77587980	4531	379	6	20
"233"	6	609315	78626107	77606066	78620233	0	2302	1	21
"234"	6	609315	83490603	78627189	83488822	20795	1035	30	22
"235"	6	609315	87955565	83508914	87948471	21830	1	31	23
"236"	6	609315	91906803	87970195	91901657	13589	812	22	24
"237"	6	609315	100221735	91916175	100218822	5660	2305	10	25
"238"	6	609315	103320696	100222717	103256579	22391	62	34	26
"239"	6	609315	110959465	103320845	110957208	11905	383	18	27
"240"	6	609315	120730628	110960179	120714956	2302	885	2	28
"241"	6	609315	125420693	120736258	125407172	23357	369	37	29
"242"	6	609315	131948670	125427169	131941197	9236	325	13	30
"243"	6	609315	131997433	131992094	131992094	23726	629	38	31
"244"	6	609315	135023525	132029046	135023348	14401	721	23	32
"245"	6	609315	135259638	135026744	135251543	20049	746	29	33
"246"	6	609315	135711329	135307310	135711217	11062	30	16	34
"247"	6	609315	139082309	135713904	139062670	9853	1209	15	35
"248"	6	609315	141934301	139092755	141912038	4910	183	7	36
"249"	6	609315	144353384	141947459	144337778	17419	1194	27	37
"250"	6	609315	148410530	144354821	148403197	23001	356	36	38
"251"	6	609315	161116556	148416039	161109660	12548	861	20	39
"252"	6	609315	165734819	161117058	165727492	27713	866	41	40
"253"	6	609315	169749080	165740943	169748900	21831	523	32	41
"254"	6	609315	178818967	169771007	170747902	13409	180	21	42
"255"	7	272637	7646230	141322	7646169	22557	197	27	1
"256"	7	272637	13883650	7651582	13882221	7520	3412	10	2
"257"	7	272637	17649271	13904989	17627093	0	1026	1	3
"258"	7	272637	22757083	17652344	22756076	16696	920	19	4
"259"	7	272637	23348861	22763703	23324162	20316	2076	25	5
"260"	7	272637	30813872	23350164	30813272	1026	1289	2	6
"261"	7	272637	35408020	30822331	35400220	18991	604	23	7
"262"	7	272637	35460329	35408035	35460128	18867	124	22	8
"263"	7	272637	40713881	35466092	40710068	13591	204	14	9
"264"	7	272637	67148232	40715175	67144407	4122	1522	6	10
"265"	7	272637	79403695	67160455	79392365	13557	34	13	11
"266"	7	272637	87099821	79408053	87071538	5644	865	7	12
"267"	7	272637	87617231	87100517	87606110	15136	178	16	13
"268"	7	272637	88905335	87634202	88901272	10932	1483	11	14
"269"	7	272637	99406402	88934702	99376777	18799	68	21	15
"270"	7	272637	102405212	99407330	102359357	3021	994	4	16
"271"	7	272637	104488376	102432391	104487459	12415	1142	12	17
"272"	7	272637	111380809	104497371	111370401	22392	165	26	18
"273"	7	272637	120220185	111405214	120197820	19595	721	24	19
"274"	7	272637	128336147	120221006	128294533	6524	996	9	20
"275"	7	272637	129039491	128367916	129035874	2315	706	3	21
"276"	7	272637	130216546	129042233	130216237	13795	1341	15	22
"277"	7	272637	133568143	130217335	133561917	6509	15	8	23
"278"	7	272637	137276817	133570983	137276507	15661	1035	18	24
"279"	7	272637	151486020	137279953	151473898	17616	1183	20	25
"280"	7	272637	152757481	151504786	152755798	22754	108	28	26
"281"	7	272637	153930446	152765482	153892894	4015	107	5	27
"282"	7	272637	154470783	154004091	154450217	23182	346	30	28
"283"	7	272637	156258224	154471567	156234982	15314	347	17	29
"284"	7	272637	159763971	156270892	158798338	22862	320	29	30
"285"	8	604778	5547272	180568	5547157	20893	174	17	1
"286"	8	604778	9288977	5549025	9280838	11378	1246	10	2
"287"	8	604778	16880104	9293294	16875655	1762	919	2	3
"288"	8	604778	26092240	16886027	26081577	18990	1903	16	4
"289"	8	604778	31309860	26092995	31296717	21067	301	18	5
"290"	8	604778	42412599	31315927	42404493	2681	1715	3	6
"291"	8	604778	42506360	42425970	42502241	23693	1449	20	7
"292"	8	604778	49373599	42544038	49357224	6546	1022	5	8
"293"	8	604778	60098080	49376463	60097996	15915	2750	14	9
"294"	8	604778	69323008	60108242	69313583	21368	2325	19	10
"295"	8	604778	86538518	69333049	86536572	18665	325	15	11
"296"	8	604778	92726404	86539640	92720969	9307	211	8	12
"297"	8	604778	92859507	92738566	92854439	9303	4	7	13
"298"	8	604778	110489154	92883481	110487637	9518	1860	9	14
"299"	8	604778	113469702	110495783	113469659	15108	797	12	15
"300"	8	604778	124771550	113473315	124760172	7568	1735	6	16
"301"	8	604778	125687940	124781356	125684847	12624	2484	11	17
"302"	8	604778	127091231	125690229	127086430	0	1762	1	18
"303"	8	604778	137329499	127091589	137311350	15905	10	13	19
"304"	8	604778	154583552	137333621	146264218	4396	2150	4	20
"305"	9	924377	1510278	30910	1509725	20852	40	21	1
"306"	9	924377	6304040	1510317	6303518	20771	81	20	2
"307"	9	924377	10856658	6318947	10843336	8542	2	8	3
"308"	9	924377	20732206	10869676	20731299	9301	4915	13	4
"309"	9	924377	21478145	20732210	21460997	14604	1992	15	5
"310"	9	924377	34332396	21481983	34319110	8544	3	9	6
"311"	9	924377	40572639	34354299	38761831	8550	751	12	7
"312"	9	924377	44458401	43469273	44406980	8547	2	10	8
"313"	9	924377	50040977	44725104	46875500	7817	725	7	9
"314"	9	924377	66488476	66256186	66266293	19499	677	17	10
"315"	9	924377	68168419	67813967	67813967	0	476	1	11
"316"	9	924377	73813580	70205553	73808496	8549	1	11	12
"317"	9	924377	101894177	73825422	101893700	2984	2249	4	13
"318"	9	924377	104129576	101916002	104125693	1752	1232	3	14
"319"	9	924377	113371929	104131429	113366326	20511	260	19	15
"320"	9	924377	128350639	113372586	128334867	14216	388	14	16
"321"	9	924377	133920073	128356811	133918943	20176	335	18	17
"322"	9	924377	136310519	133927316	136310385	20892	22	22	18
"323"	9	924377	137813757	136345009	137813451	5233	135	5	19
"324"	9	924377	139490661	137819007	139123742	16596	2903	16	20
"325"	9	924377	139922379	139496489	139880482	476	1276	2	21
"326"	9	924377	140546250	139943182	140185941	5368	2449	6	22
"327"	10	909694	7590827	101955	7585946	16988	554	23	1
"328"	10	909694	11004561	7600950	11003545	2070	859	2	2
"329"	10	909694	19397824	11004873	19397537	16414	574	22	3
"330"	10	909694	23605496	19400959	23597717	2929	1867	3	4
"331"	10	909694	23947565	23605901	23947206	17542	1177	24	5
"332"	10	909694	24731635	23959925	24729556	22877	165	28	6
"333"	10	909694	26737191	24734721	26729773	15180	292	19	7
"334"	10	909694	29175516	26737300	29166175	25958	60	30	8
"335"	10	909694	29597099	29175611	29596156	8994	3597	12	9
"336"	10	909694	38729785	29597965	38717029	21747	1130	27	10
"337"	10	909694	44149696	38961358	44149211	4796	762	4	11
"338"	10	909694	65188584	44152890	65186182	14397	783	18	12
"339"	10	909694	67118689	65190374	67118591	18719	2840	25	13
"340"	10	909694	67229429	67121576	67218415	12591	355	13	14
"341"	10	909694	68920787	67237739	68917175	14120	277	17	15
"342"	10	909694	73185891	68934603	73176520	12946	20	14	16
"343"	10	909694	76181399	73192700	76160342	0	2070	1	17
"344"	10	909694	79847881	76221508	79843725	5558	70	5	18
"345"	10	909694	81769465	79851184	81757317	21559	188	26	19
"346"	10	909694	84695412	81770539	84693801	6249	464	8	20
"347"	10	909694	86155087	84696633	86144243	12966	353	15	21
"348"	10	909694	89527158	86159451	89515840	8588	406	11	22
"349"	10	909694	92262140	89530868	92255003	5628	200	6	23
"350"	10	909694	99795348	92280193	99792416	5828	421	7	24
"351"	10	909694	114854172	99796738	114845387	6848	1740	10	25
"352"	10	909694	115636044	114870332	115623227	6713	135	9	26
"353"	10	909694	121603850	115641243	121601707	15472	599	20	27
"354"	10	909694	122155675	121630201	122152200	23042	2916	29	28
"355"	10	909694	134798315	122157035	134778129	13319	801	16	29
"356"	10	909694	153208999	134832113	135284541	16071	343	21	30
"357"	11	840641	10404057	196767	10394929	21170	851	17	1
"358"	11	840641	26435209	10408581	26409592	19040	168	15	2
"359"	11	840641	41467916	26439347	41453266	16314	1166	12	3
"360"	11	840641	42197520	41472127	42195598	1828	3696	2	4
"361"	11	840641	44065895	42207074	44062444	10655	108	8	5
"362"	11	840641	56225216	44073698	56215136	19208	1962	16	6
"363"	11	840641	60334496	56227770	60323034	11047	3598	10	7
"364"	11	840641	61094900	60340498	61094821	17480	526	13	8
"365"	11	840641	63689927	61109353	63687901	10763	284	9	9
"366"	11	840641	87746237	63700946	87742387	0	1828	1	10
"367"	11	840641	96646699	87778667	96645408	18006	1034	14	11
"368"	11	840641	102579194	96647879	102572670	22021	1105	18	12
"369"	11	840641	105053918	102587768	105031141	23126	516	19	13
"370"	11	840641	110990672	105068384	110971817	8328	143	4	14
"371"	11	840641	112055931	110991253	112046052	14645	1669	11	15
"372"	11	840641	121183595	112063334	121178357	23642	325	20	16
"373"	11	840641	125174503	121207450	125160224	8880	1075	6	17
"374"	11	840641	130592521	125180886	130591476	9955	700	7	18
"375"	11	840641	132794270	130597645	132793629	8471	409	5	19
"376"	11	840641	135834569	132795774	134449982	5524	2804	3	20
"377"	12	946162	5979257	36594	5978774	18385	593	9	1
"378"	12	946162	23465601	5998180	23441240	10827	4841	7	2
"379"	12	946162	38138337	23486433	38135227	0	1319	1	3
"380"	12	946162	46908038	38156907	46895820	6709	1545	4	4
"381"	12	946162	59630849	46908221	59622336	20378	1138	11	5
"382"	12	946162	64331145	59639969	64317405	1319	2897	2	6
"383"	12	946162	93843268	64340210	93837392	10112	715	6	7
"384"	12	946162	107652377	93848520	107620076	4216	2493	3	8
"385"	12	946162	112678502	107668649	112672425	21516	1209	12	9
"386"	12	946162	119066332	112690459	119062582	18978	1400	10	10
"387"	12	946162	126288387	119073235	126285179	8254	1858	5	11
"388"	12	946162	132671287	126289423	132276874	15668	2717	8	12
"389"	13	229717	20701911	17960319	20699853	16216	948	19	1
"390"	13	229717	24162465	20705752	24162052	2106	145	6	2
"391"	13	229717	25216052	24167193	25208666	10953	177	13	3
"392"	13	229717	27288384	25220306	27283757	4999	3353	11	4
"393"	13	229717	28483081	27299578	28480742	1210	204	3	5
"394"	13	229717	28987237	28486978	28985778	2251	692	7	6
"395"	13	229717	32323785	28989714	32321771	17164	433	20	7
"396"	13	229717	40422750	32327225	40370025	0	402	1	8
"397"	13	229717	41685705	40431052	41682127	12113	1629	15	9
"398"	13	229717	42509154	41688179	42501093	13742	86	16	10
"399"	13	229717	64045821	42511458	64041350	11130	983	14	11
"400"	13	229717	78442674	64056530	78440992	4828	171	10	12
"401"	13	229717	79524494	78444980	79514869	402	808	2	13
"402"	13	229717	85715629	79526099	85638600	8352	2601	12	14
"403"	13	229717	94973153	85719824	94969940	4638	190	9	15
"404"	13	229717	95833559	94974682	95833299	13828	931	17	16
"405"	13	229717	100841849	95835590	100839361	2943	1695	8	17
"406"	13	229717	106888254	100843435	106881666	1877	229	5	18
"407"	13	229717	110896275	106898549	110886536	14759	1457	18	19
"408"	13	229717	121756870	110898938	114092980	1414	463	4	20
"409"	14	473327	19876897	19272965	19876135	511	1517	3	1
"410"	14	473327	21997645	19879331	21987473	13264	444	13	2
"411"	14	473327	32233166	22004498	32231656	4066	2031	6	3
"412"	14	473327	33230403	32233533	33226837	11265	40	9	4
"413"	14	473327	45474731	33231838	45462187	0	72	1	5
"414"	14	473327	57056563	45488635	57045399	14261	30	16	6
"415"	14	473327	75866107	57068620	75860919	11604	811	11	7
"416"	14	473327	87758269	75871673	87754475	2028	270	4	8
"417"	14	473327	88005856	87768396	88004455	2298	1768	5	9
"418"	14	473327	89707222	88020759	89705738	12415	849	12	10
"419"	14	473327	94205713	89728563	94204078	14101	160	15	11
"420"	14	473327	97944305	94211446	97935477	6097	3074	7	12
"421"	14	473327	99670543	97950838	99657692	9171	2094	8	13
"422"	14	473327	103056432	99670556	103052786	13708	393	14	14
"423"	14	473327	106149892	103093457	106142730	11305	299	10	15
"424"	14	473327	107472301	106171256	106356482	72	439	2	16
"425"	15	1788	20365379	18446422	20351272	7358	963	10	1
"426"	15	1788	24238482	20414442	24231022	2959	1302	6	2
"427"	15	1788	27380759	24253896	27377093	2018	941	5	3
"428"	15	1788	33894233	27384612	33893857	9284	456	12	4
"429"	15	1788	38964342	33895764	38945880	10668	802	14	5
"430"	15	1788	48480865	38981443	48464801	4368	1089	8	6
"431"	15	1788	49328892	48497408	49325572	8321	963	11	7
"432"	15	1788	55425571	49328952	55414743	27	562	2	8
"433"	15	1788	65255514	55430945	65254561	589	348	3	9
"434"	15	1788	71612632	65263372	71611213	12695	408	17	10
"435"	15	1788	78530016	71616625	78529936	937	1081	4	11
"436"	15	1788	82674351	78530921	82573421	4261	107	7	12
"437"	15	1788	87212116	82743638	87210607	0	27	1	13
"438"	15	1788	91527767	87213283	91523799	9740	928	13	14
"439"	15	1788	95688802	91529151	95654594	11470	852	15	15
"440"	15	1788	97918432	95691575	97909974	12322	373	16	16
"441"	15	1788	100644934	97921908	100210760	5457	1901	9	17
"442"	16	293121	8152198	31010	8150272	12737	1360	11	1
"443"	16	293121	13381865	8154306	13373982	1663	1392	2	2
"444"	16	293121	19668819	13391824	19657776	6429	3326	9	3
"445"	16	293121	27863148	19670436	27856709	5196	175	6	4
"446"	16	293121	29678289	27870752	29660295	5698	731	8	5
"447"	16	293121	38317135	29680943	34996986	3827	1263	4	6
"448"	16	293121	48004103	45086927	48003458	5371	327	7	7
"449"	16	293121	51626659	48009588	51616359	5090	106	5	8
"450"	16	293121	72751276	51627537	72745821	9755	2982	10	9
"451"	16	293121	82172652	72757088	82171973	3055	772	3	10
"452"	16	293121	98396051	82173002	88684276	0	1663	1	11
"453"	17	204992	435145	6888	424221	9525	806	19	1
"454"	17	204992	4911114	435793	4878627	4094	65	6	2
"455"	17	204992	13091826	4930198	13089061	5852	779	11	3
"456"	17	204992	18171643	13096778	18160560	4419	1125	9	4
"457"	17	204992	30739239	18172522	30708220	7276	123	14	5
"458"	17	204992	31314085	30742030	31301319	2699	1395	5	6
"459"	17	204992	32455986	31315701	32426519	5544	308	10	7
"460"	17	204992	33249152	32481566	33244656	4330	89	8	8
"461"	17	204992	43840869	33259778	43840602	8379	1146	18	9
"462"	17	204992	46545285	43855672	46502685	4159	171	7	10
"463"	17	204992	51127150	46565819	51126146	6631	532	12	11
"464"	17	204992	53619246	51130389	53617537	1967	732	4	12
"465"	17	204992	55178920	53620016	55155170	45	552	2	13
"466"	17	204992	56799884	55230178	56796430	597	1370	3	14
"467"	17	204992	57616220	56804418	57602509	7399	63	15	15
"468"	17	204992	63941692	57618554	63939597	0	45	1	16
"469"	17	204992	64948059	63942109	64934869	8222	157	17	17
"470"	17	204992	71589767	64951048	71578042	7462	760	16	18
"471"	17	204992	86155152	71598519	78605474	7163	113	13	19
"472"	18	399348	17961885	150887	17956737	11895	1196	13	1
"473"	18	399348	37742379	17962346	37738209	6142	462	3	2
"474"	18	399348	40592998	37747472	40592068	13497	60	16	3
"475"	18	399348	49125452	40593100	49116825	10936	244	10	4
"476"	18	399348	49466559	49141125	49464638	11180	531	11	5
"477"	18	399348	53388963	49466756	53388926	2861	3281	2	6
"478"	18	399348	53758924	53391503	53758856	10073	863	9	7
"479"	18	399348	58094584	53758998	58092234	13310	187	15	8
"480"	18	399348	63202269	58099371	63194065	13091	219	14	9
"481"	18	399348	64404250	63204010	64401550	8408	728	6	10
"482"	18	399348	67208534	64408549	67190476	11711	184	12	11
"483"	18	399348	68123764	67211053	68120149	0	2861	1	12
"484"	18	399348	73108872	68124895	73087926	8354	54	5	13
"485"	18	399348	74151396	73115995	74150981	9205	868	8	14
"486"	18	399348	75802886	74151445	75800881	6604	1750	4	15
"487"	18	399348	76185648	75821067	76115554	9136	69	7	16
"488"	19	639353	895467	212033	892603	3839	254	10	1
"489"	19	639353	5762793	938571	5744704	1728	2111	9	2
"490"	19	639353	8534805	5774903	8523689	4093	569	11	3
"491"	19	639353	11565607	8538587	11559138	1143	585	8	4
"492"	19	639353	13128337	11565630	13115875	0	38	1	5
"493"	19	639353	13926455	13135431	13898745	321	304	3	6
"494"	19	639353	14798941	13947513	14795891	1093	50	7	7
"495"	19	639353	20696498	14811632	20688191	885	119	5	8
"496"	19	639353	44566664	20704760	44541942	1004	89	6	9
"497"	19	639353	47857144	44571503	47837257	625	260	4	10
"498"	19	639353	54028544	47889875	53999660	4662	1187	12	11
"499"	19	639353	70228556	54029049	63785051	38	283	2	12
"500"	20	369429	5611589	17408	5607444	10455	832	12	1
"501"	20	369429	13832925	5619460	13818553	4913	1076	5	2
"502"	20	369429	20128355	13855164	20127240	8549	412	8	3
"503"	20	369429	22484310	20131966	22482918	8961	151	9	4
"504"	20	369429	32512201	22485312	32489664	0	1143	1	5
"505"	20	369429	38347901	32539471	38346960	9112	73	10	6
"506"	20	369429	47558642	38350407	47554184	9185	1270	11	7
"507"	20	369429	50260064	47563113	50259753	1143	1817	2	8
"508"	20	369429	51049202	50272681	51044956	2960	1549	3	9
"509"	20	369429	51340167	51055852	51334152	5989	826	6	10
"510"	20	369429	57126078	51341463	57108080	11287	85	13	11
"511"	20	369429	61418391	57128463	61416204	4509	404	4	12
"512"	20	369429	73073000	61428260	62376958	6815	1734	7	13
"513"	21	561741	16429367	9887804	16411379	1557	1126	4	1
"514"	21	561741	17737092	16430541	17727976	0	431	1	2
"515"	21	561741	22902693	17738145	22897057	431	192	2	3
"516"	21	561741	28162776	22906623	28137133	4224	2009	7	4
"517"	21	561741	28247349	28170746	28246805	2683	6	5	5
"518"	21	561741	35960091	28247838	35957490	6233	255	8	6
"519"	21	561741	45392389	35973166	45373039	623	934	3	7
"520"	21	561741	49822194	45405207	46902240	2689	1535	6	8
"521"	22	803392	28758706	15257135	28753460	2101	1439	2	1
"522"	22	803392	36169907	28761242	36161864	3733	85	4	2
"523"	22	803392	38206905	36193299	38205912	0	2101	1	3
"524"	22	803392	39134394	38211086	39130464	4968	669	6	4
"525"	22	803392	46493683	39154549	46479668	3818	1150	5	5
"526"	22	803392	51014917	46499716	49522492	3540	193	3	6
"527"	23	112146	5768006	2713391	5766081	1993	822	7	1
"528"	23	112146	13627210	5802981	13623983	8349	336	24	2
"529"	23	112146	16391524	13629412	16294878	2815	970	8	3
"530"	23	112146	17001088	16406364	16846904	8685	1192	25	4
"531"	23	112146	18239911	17002073	18232587	5478	500	15	5
"532"	23	112146	24449624	18259402	24439114	3792	27	10	6
"533"	23	112146	33738007	24455870	33737300	354	829	2	7
"534"	23	112146	48917217	33775324	48907626	6541	26	19	8
"535"	23	112146	49031567	48937406	49031058	3785	7	9	9
"536"	23	112146	49901039	49050864	49829311	1384	22	4	10
"537"	23	112146	65466770	50132108	65448903	8300	49	23	11
"538"	23	112146	65950557	65521580	65934932	5978	254	16	12
"539"	23	112146	74981610	66007204	74926873	8166	134	22	13
"540"	23	112146	91879782	75003877	91838272	3819	348	11	14
"541"	23	112146	99768947	92127105	99766906	6349	192	18	15
"542"	23	112146	105160707	99771484	105150567	7944	222	21	16
"543"	23	112146	107944880	105165065	107710661	4600	878	14	17
"544"	23	112146	110753172	107959837	110692296	4198	402	13	18
"545"	23	112146	111204220	110793389	111201870	6567	1377	20	19
"546"	23	112146	129022634	111211788	129001823	6232	117	17	20
"547"	23	112146	133342231	129060072	133327628	0	354	1	21
"548"	23	112146	135710523	133390519	135698490	1476	517	6	22
"549"	23	112146	136324555	135757416	136312452	1406	70	5	23
"550"	23	112146	140591665	136340801	140580348	1183	201	3	24
"551"	23	112146	156672677	140626179	154569169	4167	31	12	25
"552"	25	748670	1051610	159978	942950	0	66	1	1
